{"1":{"average":4.056603773584905,"count":53},"12":{"average":4,"count":5},"55":{"average":3.75,"count":4},"99":{"average":4.416666666666667,"count":12}}